{
    "Grid Dimensions (x,y,z)": [
        3.0,
        3.0,
        3.0
    ],
    "Observations": {
        "(0,0,0)": {
            "back": [
                56,
                500.0
            ],
            "bottom": [
                144,
                388.75
            ],
            "front": [
                8,
                320.0
            ],
            "left": [
                176,
                445.0
            ],
            "right": [
                40,
                325.0
            ],
            "top": [
                184,
                340.0
            ]
        },
        "(0,0,1)": {
            "back": [
                128,
                330.0
            ],
            "bottom": [
                48,
                380.0
            ],
            "front": [
                168,
                370.0
            ],
            "left": [
                48,
                370.0
            ],
            "right": [
                128,
                325.0
            ],
            "top": [
                128,
                325.0
            ]
        },
        "(0,0,2)": {
            "back": [
                1,
                735.0
            ],
            "bottom": [
                1,
                808.0
            ],
            "front": [
                1,
                1866.4285888671875
            ],
            "left": [
                1,
                858.3333129882813
            ],
            "right": [
                1,
                869.0
            ],
            "top": [
                1,
                900.5
            ]
        },
        "(0,1,0)": {
            "back": [
                160,
                430.0
            ],
            "bottom": [
                176,
                370.0
            ],
            "front": [
                168,
                300.0
            ],
            "left": [
                168,
                415.0
            ],
            "right": [
                144,
                315.0
            ],
            "top": [
                8,
                340.0
            ]
        },
        "(0,1,1)": {
            "back": [
                176,
                310.0
            ],
            "bottom": [
                184,
                352.5
            ],
            "front": [
                8,
                335.0
            ],
            "left": [
                184,
                355.0
            ],
            "right": [
                160,
                310.0
            ],
            "top": [
                184,
                330.0
            ]
        },
        "(0,1,2)": {
            "back": [
                1,
                805.0
            ],
            "bottom": [
                1,
                723.888916015625
            ],
            "front": [
                1,
                1946.25
            ],
            "left": [
                1,
                878.3333129882813
            ],
            "right": [
                1,
                935.0
            ],
            "top": [
                1,
                881.0
            ]
        },
        "(0,2,0)": {
            "back": [
                1,
                1938.0
            ],
            "bottom": [
                184,
                440.0
            ],
            "front": [
                136,
                470.0
            ],
            "left": [
                1,
                1025.625
            ],
            "right": [
                144,
                430.0
            ],
            "top": [
                1,
                1360.0
            ]
        },
        "(0,2,1)": {
            "back": [
                1,
                615.0
            ],
            "bottom": [
                168,
                351.6666564941406
            ],
            "front": [
                1,
                1943.0555419921875
            ],
            "left": [
                1,
                842.5
            ],
            "right": [
                56,
                360.0
            ],
            "top": [
                48,
                550.0
            ]
        },
        "(0,2,2)": {
            "back": [
                1,
                784.0
            ],
            "bottom": [
                1,
                789.1666870117188
            ],
            "front": [
                1,
                1944.5
            ],
            "left": [
                1,
                849.3333129882813
            ],
            "right": [
                1,
                908.6363525390625
            ],
            "top": [
                1,
                901.25
            ]
        },
        "(1,0,0)": {
            "back": [
                48,
                505.0
            ],
            "bottom": [
                0,
                390.0
            ],
            "front": [
                160,
                305.0
            ],
            "left": [
                40,
                325.0
            ],
            "right": [
                48,
                330.0
            ],
            "top": [
                48,
                335.0
            ]
        },
        "(1,0,1)": {
            "back": [
                168,
                315.0
            ],
            "bottom": [
                176,
                380.0
            ],
            "front": [
                144,
                355.0
            ],
            "left": [
                56,
                315.0
            ],
            "right": [
                56,
                320.0
            ],
            "top": [
                202,
                355.0
            ]
        },
        "(1,0,2)": {
            "back": [
                1,
                655.625
            ],
            "bottom": [
                1,
                739.0
            ],
            "front": [
                1,
                1948.9473876953125
            ],
            "left": [
                1,
                862.5
            ],
            "right": [
                1,
                846.0
            ],
            "top": [
                1,
                915.9091186523438
            ]
        },
        "(1,1,0)": {
            "back": [
                138,
                405.0
            ],
            "bottom": [
                2,
                345.0
            ],
            "front": [
                176,
                305.0
            ],
            "left": [
                176,
                305.0
            ],
            "right": [
                184,
                315.0
            ],
            "top": [
                168,
                345.0
            ]
        },
        "(1,1,1)": {
            "back": [
                48,
                300.0
            ],
            "bottom": [
                136,
                322.5
            ],
            "front": [
                176,
                325.0
            ],
            "left": [
                160,
                295.0
            ],
            "right": [
                40,
                300.0
            ],
            "top": [
                152,
                460.0
            ]
        },
        "(1,1,2)": {
            "back": [
                1,
                660.0
            ],
            "bottom": [
                1,
                657.0
            ],
            "front": [
                1,
                1840.0
            ],
            "left": [
                1,
                943.3333129882813
            ],
            "right": [
                1,
                961.25
            ],
            "top": [
                1,
                917.5
            ]
        },
        "(1,2,0)": {
            "back": [
                144,
                450.0
            ],