{
    "Grid Dimensions (x,y,z)": [
        2.0,
        2.0,
        2.0
    ],
    "Observations": {
        "(0,0,0)": {
            "back": [
                1,
                688.3333129882813
            ],
            "bottom": [
                1,
                615.5882568359375
            ],
            "front": [
                1,
                1918.3333740234375
            ],
            "left": [
                1,
                1386.6666259765625
            ],
            "right": [
                1,
                1490.0
            ],
            "top": [
                1,
                1933.125
            ]
        },
        "(0,0,1)": {
            "back": [
                1,
                641.7857055664063
            ],
            "bottom": [
                1,
                741.6666870117188
            ],
            "front": [
                1,
                1959.0
            ],
            "left": [
                1,
                1955.0
            ],
            "right": [
                1,
                1920.0
            ],
            "top": [
                1,
                1590.0
            ]
        },
        "(0,1,0)": {
            "back": [
                1,
                645.0
            ],
            "bottom": [
                1,
                540.0
            ],
            "front": [
                1,
                1970.0
            ],
            "left": [
                1,
                1985.0
            ],
            "right": [
                1,
                1971.6666259765625
            ],
            "top": [
                1,
                1932.5
            ]
        },
        "(0,1,1)": {
            "back": [
                1,
                735.0
            ],
            "bottom": [
                1,
                760.0
            ],
            "front": [
                1,
                1973.75
            ],
            "left": [
                1,
                1922.0
            ],
            "right": [
                1,
                1945.0
            ],
            "top": [
                1,
                1951.0
            ]
        },
        "(1,0,0)": {
            "back": [
                1,
                718.75
            ],
            "bottom": [
                1,
                709.2857055664063
            ],
            "front": [
                1,
                1980.0
            ],
            "left": [
                1,
                1080.0
            ],
            "right": [
                1,
                1935.0
            ],
            "top": [
                1,
                1921.0
            ]
        },
        "(1,0,1)": {
            "back": [
                1,
                685.4166870117188
            ],
            "bottom": [
                1,
                775.0
            ],
            "front": [
                1,
                1969.0
            ],
            "left": [
                1,
                1875.0
            ],
            "right": [
                1,
                1978.0
            ],
            "top": [
                1,
                1978.0
            ]
        },
        "(1,1,0)": {
            "back": [
                1,
                675.8333129882813
            ],
            "bottom": [
                1,
                705.0
            ],
            "front": [
                1,
                2010.8333740234375
            ],
            "left": [
                1,
                1462.727294921875
            ],
            "right": [
                1,
                1963.3333740234375
            ],
            "top": [
                1,
                1987.142822265625
            ]
        },
        "(1,1,1)": {
            "back": [
                1,
                893.75
            ],
            "bottom": [
                1,
                770.0
            ],
            "front": [
                1,
                1995.0
            ],
            "left": [
                1,
                2019.1666259765625
            ],
            "right": [
                1,
                2028.125
            ],
            "top": [
                1,
                1965.0
            ]
        }
    }
}